Daily Deal,Dagaanbiedingen Deal
There are no products matching the selection.,Er zijn geen producten die overeenkomen met de selectie.
Value:    ,Waarde:
Price:    ,Prijs:
Off: ,Korting:
You save: ,U bespaart:
item(s) sold - Limit ,Artikelen Verkocht - Beperken
 per order!,per bestellen!
item(s) sold,artikelen verkocht
There are only ,Er zijn slechts
item(s) left!,artikelen links
"The number that you have inserted is over the 
deal quantity left. 
Please reinsert another one!","Het nummer dat u hebt geplaatst is over de deal hoeveelheid links.
Gelieve steek nog een!
"
